Direction,paired-t,wilcoxon
Right,0.03888624452092786,0.01507568359375
Up,0.3271422508787952,0.33026123046875
Left,0.06465779538941427,0.0946044921875
Down,0.5780797827238815,0.5994873046875
