Direction,paired-t,wilcoxon
Right,0.010250333114397383,0.01806640625
Up,0.05895295247207212,0.05535888671875
Left,0.00011192407812520876,0.0001220703125
Down,0.8112439353001439,0.93408203125
