APPLICATIONS,WILCOXON
Ecosphere,0.00335693359375
HyperDash,0.116668701171875
