APPLICATIONS,TTEST,WILCOXON
Ecosphere,0.2319881244232145,0.22316985425480362
HyperDash,0.2702110643932936,0.22581882031567613
