APPLICATIONS,WILCOXON
Ecosphere,0.02899169921875
HyperDash,0.02496337890625
