APPLICATIONS,TTEST,WILCOXON
Ecosphere,0.6904760879329365,0.5493066220550316
HyperDash,0.0030692893644575286,0.004643645257632883
