App,paired-t,wilcoxon
Ecosphere,0.5444509064429839,0.6774830361422965
Archery,0.6008139273421462,0.5574174419643781
