App,paired-t,wilcoxon
Ecosphere,0.1881370621830087,0.2355589199240795
Archery,0.8542953226626328,0.8334840043889592
