App,paired-t,wilcoxon
Ecosphere,0.007007405071692912,0.001312255859375
Archery,0.5970724787742719,0.632171630859375
