Direction,paired-t,wilcoxon
Right,0.10385510395975799,0.10247043485974937
Up,0.7393971365001755,0.6802795473344503
Left,0.5470282358545145,0.4576140668763148
Down,1.0,1.0
