Direction,Condition,Avg,Std
Right,NormalBed,59.6978237037037,12.594377848147873
Right,ActuatedBed,71.97438444444444,12.22394415840837
Up,NormalBed,34.933280370370376,6.3309499938848575
Up,ActuatedBed,33.39492074074074,8.394994145318591
Left,NormalBed,52.692774444444446,21.670648257426322
Left,ActuatedBed,77.15323351851852,10.767600096643339
Down,NormalBed,39.92630777777778,25.838235003396882
Down,ActuatedBed,46.48401351851852,15.709609263149225
