Direction,Condition,Mean,Std
Right,NormalBed,4.214285714285714,2.190137734642115
Right,ActuatedBed,2.9285714285714284,1.8999710813299528
Up,NormalBed,4.428571428571429,2.4405007592795287
Up,ActuatedBed,4.071428571428571,2.3026501693044477
Left,NormalBed,4.142857142857143,2.213842564659669
Left,ActuatedBed,3.2142857142857144,2.4235565546581275
Down,NormalBed,5.785714285714286,2.80599828467987
Down,ActuatedBed,3.9285714285714284,2.6154654156878734
