Direction,paired-t,wilcoxon
Right,0.3100603475235588,0.4637451171875
Up,0.22775275042559295,0.632171630859375
Left,0.0183283184451414,0.010986328125
Down,0.13229492588627764,0.129730224609375
