Direction,Condition,Mean,Std
Right,NormalBed,0.5882352941176471,1.5024489812224808
Right,ActuatedBed,0.8235294117647058,1.8109146210426053
Up,NormalBed,0.7647058823529411,1.640480560868746
Up,ActuatedBed,0.6764705882352942,1.3571704994973486
Left,NormalBed,0.5294117647058824,1.280510008689093
Left,ActuatedBed,0.6470588235294118,1.3666188418222285
Down,NormalBed,0.6470588235294118,1.2718675476729209
Down,ActuatedBed,0.6470588235294118,1.4975470138942315
