Direction,Condition,Mean,Std
Right,NormalBed,0.6428571428571429,1.6458405781822274
Right,ActuatedBed,0.9285714285714286,1.9792883614022534
Up,NormalBed,0.8571428571428571,1.7913099142223292
Up,ActuatedBed,0.75,1.4773937551283705
Left,NormalBed,0.5714285714285714,1.3985864135061359
Left,ActuatedBed,0.7142857142857143,1.489892687336984
Down,NormalBed,0.7142857142857143,1.3827826698682306
Down,ActuatedBed,0.7142857142857143,1.6374732612530445
