Direction,paired-t,wilcoxon
Right,0.013473358882014104,0.015065306197904794
Up,0.6104897678755954,0.6807238293409504
Left,0.13831331002309885,0.15179069827224198
Down,0.0005011536689108705,0.004402367998717295
