Direction,Condition,Mean,Std
Right,NormalBed,4.2727272727272725,1.9021518914592015
Right,ActuatedBed,3.090909090909091,2.119176512447486
Up,NormalBed,4.0,2.449489742783178
Up,ActuatedBed,4.363636363636363,2.2482316283126735
Left,NormalBed,4.181818181818182,1.9908883353006928
Left,ActuatedBed,3.5454545454545454,2.621588692515909
Down,NormalBed,5.545454545454546,2.9787123514578027
Down,ActuatedBed,3.727272727272727,2.7601053998320095
