Direction,Condition,Mean,Std
Right,ActuatedBed,71.97438444444444,12.22394415840837
Right,NormalBed,59.6978237037037,12.594377848147873
Up,ActuatedBed,33.39492074074074,8.394994145318591
Up,NormalBed,37.26671833333334,9.49088081634314
Left,ActuatedBed,77.15323351851852,10.767600096643339
Left,NormalBed,55.92757400000001,22.848995849545126
Down,ActuatedBed,46.48401351851852,15.709609263149225
Down,NormalBed,42.746278333333336,25.941421529635527
