Direction,Condition,Mean,Std
Right,NormalBed,4.219943022222222,4.486742144309746
Right,ActuatedBed,13.216911403703703,4.502487796353471
Up,NormalBed,3.223796225333333,1.7784743538024137
Up,ActuatedBed,1.7422049444444445,1.0886256208547387
Left,NormalBed,4.841725463333334,4.163568440834086
Left,ActuatedBed,15.857776337037036,7.421632925609391
Down,NormalBed,3.79093424,2.1872764468123154
Down,ActuatedBed,2.671135551851852,1.6018847948022454
