Direction,paired-t,wilcoxon
Right,2.521682735170079e-05,0.00390625
Up,0.12105815463235536,0.1640625
Left,0.00015968927361780929,0.00390625
Down,0.19667275005799126,0.25
