Direction,paired-t,wilcoxon
Right,0.11024852623076704,0.033538818359375
Up,0.4655616071103157,0.705718994140625
Left,0.27541647192624136,0.104583740234375
Down,0.7286950060632762,1.0
