Direction,paired-t,wilcoxon
Right,0.0019689662094926666,0.00335693359375
Up,0.49749728152730355,0.803955078125
Left,0.0018819623470434066,0.0001220703125
Down,0.06657371345546377,0.063720703125
