Direction,Condition,Mean,Std
Right,ActuatedBed,2.2941176470588234,1.8629514849544841
Right,NormalBed,3.0,1.4142135623730951
Up,ActuatedBed,3.4411764705882355,2.120453614067463
Up,NormalBed,3.4411764705882355,1.3679632778008937
Left,ActuatedBed,2.4705882352941178,1.8411153908304991
Left,NormalBed,3.5294117647058822,1.6999134926086508
Down,ActuatedBed,3.6470588235294117,1.7299268940690902
Down,NormalBed,4.647058823529412,1.9345922202943775
