App,paired-t,wilcoxon
Ecosphere,0.1901514306230487,0.2355589199240795
Archery,0.9130677277380368,0.892738400944348
