App,Condition,Mean,Std
Ecosphere,NormalBed,2.3846153846153846,2.292686253374032
Archery,NormalBed,5.3076923076923075,2.926448797451027
Ecosphere,ActuatedBed,2.1538461538461537,1.908147174886057
Archery,ActuatedBed,4.6923076923076925,3.326274577376703
