App,paired-t,wilcoxon
Ecosphere,0.6315348080673534,0.8307489197697624
Archery,0.5536200416522168,0.47170222992357624
