Direction,Condition,Avg,Std
Right,ActuatedBed,72.82847166666667,16.485013002235736
Right,NormalBed,62.174996,16.623039181902204
Up,ActuatedBed,35.43051644444445,8.309989348676126
Up,NormalBed,36.933527222222224,6.812090908774295
Left,ActuatedBed,73.27908277777777,14.201589884302576
Left,NormalBed,54.567732444444445,18.27429615662625
Down,ActuatedBed,47.71640377777778,13.021270880270007
Down,NormalBed,38.677855,22.52676691727373
