Direction,paired-t,wilcoxon
Right,0.10372736480787356,0.10247043485974937
Up,0.7368891549710437,0.6802795473344503
Left,0.5433968778300304,0.4576140668763148
Down,1.0,1.0
