Direction,Condition,Mean,Std
Right,NormalBed,0.45454545454545453,1.507556722888818
Right,ActuatedBed,0.5454545454545454,1.507556722888818
Up,NormalBed,0.6363636363636364,1.5015143870590966
Up,ActuatedBed,0.7727272727272727,1.602554778527654
Left,NormalBed,0.5454545454545454,1.507556722888818
Left,ActuatedBed,0.5454545454545454,1.2933395813657265
Down,NormalBed,0.7272727272727273,1.5550504230351563
Down,ActuatedBed,0.45454545454545453,1.507556722888818
