Direction,paired-t,wilcoxon
Right,0.1243896413500657,0.09583131864595752
Up,1.0,0.9435575426376721
Left,0.07948304979938305,0.0732256469191901
Down,0.01427106918291816,0.012775031283087395
