App,Condition,Mean,Std
Ecosphere,NormalBed,1.5384615384615385,2.221687969967303
Archery,NormalBed,2.076923076923077,3.1214723679042464
Ecosphere,ActuatedBed,0.8461538461538461,1.5191090506254998
Archery,ActuatedBed,2.1923076923076925,3.4613247797294653
