Direction,Condition,Mean,Std
Right,NormalBed,3.0,1.4832396974191326
Right,ActuatedBed,2.5454545454545454,2.2074254852038093
Up,NormalBed,3.772727272727273,1.2522706649050828
Up,ActuatedBed,4.136363636363637,2.2370841411411986
Left,NormalBed,3.4545454545454546,1.6348477827391983
Left,ActuatedBed,2.6363636363636362,2.157439559882375
Down,NormalBed,4.818181818181818,1.7215215257545762
Down,ActuatedBed,4.090909090909091,1.9211738835693897
