Direction,paired-t,wilcoxon
Right,0.0019689662094926666,0.00335693359375
Up,0.49749728152730355,0.803955078125
Left,2.688904208763143e-05,0.000244140625
Down,0.2190440722901356,0.19091796875
