Direction,paired-t,wilcoxon
Right,0.015497208328337718,0.01953125
Up,0.6488897682938566,1.0
Left,0.010215483570942123,0.00390625
Down,0.31108258481451695,0.359375
