Direction,Condition,Avg,Std
Right,ActuatedBed,15.108406797777777,9.544858069371383
Right,NormalBed,5.667747502222222,6.233468665484823
Up,ActuatedBed,1.8929851599999998,1.0702394655806218
Up,NormalBed,3.4349177466666663,1.7657078742912002
Left,ActuatedBed,16.352712113333332,7.050560980288596
Left,NormalBed,4.464296902222221,4.121314146143379
Down,ActuatedBed,3.2698596822222226,2.4663920866256985
Down,NormalBed,3.8337676866666666,2.0974217770798913
