Direction,Condition,Mean,Std
Right,NormalBed,3.0,1.3587324409735149
Right,ActuatedBed,2.357142857142857,2.023216892329291
Up,NormalBed,3.607142857142857,1.3327036058700004
Up,ActuatedBed,3.75,2.1904513057990864
Left,NormalBed,3.642857142857143,1.6919330254585618
Left,ActuatedBed,2.4285714285714284,1.9499225118444585
Down,NormalBed,4.928571428571429,1.7743595036946849
Down,ActuatedBed,3.857142857142857,1.7478401113789142
