Direction,Condition,Mean,Std
Right,ActuatedBed,3.1,2.2335820757001272
Right,NormalBed,4.2,1.9888578520235063
Up,ActuatedBed,4.5,2.3213980461973533
Up,NormalBed,4.4,2.1705094128132942
Left,ActuatedBed,3.6,2.756809750418044
Left,NormalBed,4.2,2.0976176963403033
Down,ActuatedBed,4.1,2.6012817353502227
Down,NormalBed,6.1,2.4698178070456938
