Direction,paired-t,wilcoxon
Right,0.2196037548122747,0.14973242555889654
Up,0.7452417366436523,0.7316005889599013
Left,0.0978384180847032,0.09613903570317667
Down,0.025656812793067342,0.022129147689045555
