DIRECTIONS,TTEST,WILCOXON
Right,0.003767950765859957,0.000762939453125
Up,0.4966729751950141,0.49542236328125
Left,1.4729045688098914e-05,3.0517578125e-05
Down,0.6236735571688629,0.860260009765625
