DIRECTIONS,TTEST,WILCOXON
Right,0.02832843772623117,0.01025390625
Up,0.8695907413111821,0.979949951171875
Left,1.657172250640146e-05,6.103515625e-05
Down,0.09100870188600799,0.129730224609375
