DIRECTIONS,TTEST,WILCOXON
Right,0.0030763930815345176,0.000213623046875
Up,0.6459139283607851,0.5618896484375
Left,2.2023083938783674e-05,3.0517578125e-05
Down,0.6893594284697371,0.705718994140625
