DIRECTIONS,CONDITIONS,MEAN,STD,MIN,MAX
Right,ActuatedBed,74.056835,25.983133649228254,18.55542@P14,118.71266666666668@P12
Right,NormalBed,63.26369577777778,24.264908222204753,10.187303333333334@P14,109.5552@P5
Up,ActuatedBed,37.71850791666667,16.185616948397076,15.111096666666667@P14,76.34498333333333@P9
Up,NormalBed,38.196583000000004,15.372953406168227,8.461468@P14,69.31022333333334@P9
Left,ActuatedBed,73.13863166666667,26.622623478045135,24.171013333333335@P14,124.34813333333334@P7
Left,NormalBed,55.586688395833335,22.113856357429373,10.382700999999999@P14,93.02886000000001@P7
Down,ActuatedBed,45.492631875,18.8534536896933,12.12655@P10,83.345535@P7
Down,NormalBed,40.587078354166664,24.61825477896464,8.009473999999999@P14,94.80496333333333@P7
