DIRECTIONS,CONDITIONS,MEAN,STD,MIN,MAX
Right,ActuatedBed,17.740581104166665,16.51778244414484,1.439955@P14,68.22291333333334@P12
Right,NormalBed,5.8895891208333335,10.369890841055149,0.24255766666666667@P10,41.804855@P5
Up,ActuatedBed,2.6266287189583335,2.2429427744877635,0.3333806666666667@P14,6.9223403333333335@P5
Up,NormalBed,2.871300131875,2.2158838846833024,0.19731483333333333@P10,7.5333499999999995@P9
Left,ActuatedBed,17.783217041666667,11.028588082436984,2.1653266666666666@P14,38.18955@P5
Left,NormalBed,4.931542216458333,5.667031837486034,0.35963299666666665@P10,22.360390000000002@P5
Down,ActuatedBed,4.298023617916667,3.4193762308456117,0.5332745@P14,13.92306@P16
Down,NormalBed,4.802742195833334,4.885752818998379,0.2772819@P14,16.535895@P7
