DIRECTIONS,TTEST,WILCOXON
Right,1.0,1.0
Up,0.10377091535383598,0.10247043485974937
Left,0.07187959750119985,0.07074986707637762
Down,0.5804709682596478,0.5164122683960384
